title,price,product_url,image_urls,downloaded_images
Arch King Size Bed in Honey Finish Without Storage,29999.00,https://solidwooddecor.com/products/tie-king-size-bed-in-honey-finish-without-storage,"https://cdn.shopify.com/s/files/1/0598/2375/1277/files/WhatsAppImage2026-01-16at6.37.48PM_03e9137d-f669-4242-b2ec-63a7d787cf58.jpg?v=1770978161, https://cdn.shopify.com/s/files/1/0598/2375/1277/files/23_f59e73c0-80d9-4b7b-a7b0-299c358871b4.png?v=1770978161, https://cdn.shopify.com/s/files/1/0598/2375/1277/files/25_523d02a6-ddcb-46e2-b9a8-db66eba1b711.png?v=1770978161, https://cdn.shopify.com/s/files/1/0598/2375/1277/files/26_61adcb13-eb45-4937-88d7-be54bc9f23b0.png?v=1770978161, https://cdn.shopify.com/s/files/1/0598/2375/1277/files/27_801cda7f-6c41-43bb-9892-0b62149ae655.png?v=1770978161, https://cdn.shopify.com/s/files/1/0598/2375/1277/files/28_0a41639a-8735-46e8-8fc9-fa9895df9058.png?v=1770978161, https://cdn.shopify.com/s/files/1/0598/2375/1277/files/24_1c64b8a4-d06a-4395-a2a6-526107cb99dd.png?v=1770978161","downloaded_images\Arch King Size Bed in Honey Finish Without Storage\WhatsAppImage2026-01-16at6.37.48PM_03e9137d-f669-4242-b2ec-63a7d787cf58.jpg, downloaded_images\Arch King Size Bed in Honey Finish Without Storage\23_f59e73c0-80d9-4b7b-a7b0-299c358871b4.png, downloaded_images\Arch King Size Bed in Honey Finish Without Storage\25_523d02a6-ddcb-46e2-b9a8-db66eba1b711.png, downloaded_images\Arch King Size Bed in Honey Finish Without Storage\26_61adcb13-eb45-4937-88d7-be54bc9f23b0.png, downloaded_images\Arch King Size Bed in Honey Finish Without Storage\27_801cda7f-6c41-43bb-9892-0b62149ae655.png, downloaded_images\Arch King Size Bed in Honey Finish Without Storage\28_0a41639a-8735-46e8-8fc9-fa9895df9058.png, downloaded_images\Arch King Size Bed in Honey Finish Without Storage\24_1c64b8a4-d06a-4395-a2a6-526107cb99dd.png"
Beige Cushion King Size Bed in Honey Finish With Box Storage,48499.00,https://solidwooddecor.com/products/bad-beige-1,"https://cdn.shopify.com/s/files/1/0598/2375/1277/files/3_8d4095cc-a5e7-4c74-b7da-ed5b0e03ee92.png?v=1727513039, https://cdn.shopify.com/s/files/1/0598/2375/1277/files/CQ3A0410copy.png?v=1727513211, https://cdn.shopify.com/s/files/1/0598/2375/1277/files/CQ3A0412copy_367768c8-a881-4324-a1b6-b211b4e87550.png?v=1727513211, https://cdn.shopify.com/s/files/1/0598/2375/1277/files/CQ3A0409copy.png?v=1727513211, https://cdn.shopify.com/s/files/1/0598/2375/1277/files/bed_01_Beige.jpg?v=1730974121","downloaded_images\Beige Cushion King Size Bed in Honey Finish With Box Storage\3_8d4095cc-a5e7-4c74-b7da-ed5b0e03ee92.png, downloaded_images\Beige Cushion King Size Bed in Honey Finish With Box Storage\CQ3A0410copy.png, downloaded_images\Beige Cushion King Size Bed in Honey Finish With Box Storage\CQ3A0412copy_367768c8-a881-4324-a1b6-b211b4e87550.png, downloaded_images\Beige Cushion King Size Bed in Honey Finish With Box Storage\CQ3A0409copy.png, downloaded_images\Beige Cushion King Size Bed in Honey Finish With Box Storage\bed_01_Beige.jpg"
Bloom King Size Bed in Honey Finish With Box Storage,46999.00,https://solidwooddecor.com/products/bad-dynamic,"https://cdn.shopify.com/s/files/1/0598/2375/1277/files/moon_bed_32_22f62bd3-14bd-4c07-8827-e3c14bdba921.png?v=1770974837, https://cdn.shopify.com/s/files/1/0598/2375/1277/files/CQ3A0347_copy.png?v=1770974837, https://cdn.shopify.com/s/files/1/0598/2375/1277/files/CQ3A0350_copy.png?v=1770974837, https://cdn.shopify.com/s/files/1/0598/2375/1277/files/CQ3A0346_copy.png?v=1770974837, https://cdn.shopify.com/s/files/1/0598/2375/1277/files/bed_02_bloom_new_9e557e28-6084-4c02-b5bb-05e3afaeca21.jpg?v=1770974837","downloaded_images\Bloom King Size Bed in Honey Finish With Box Storage\moon_bed_32_22f62bd3-14bd-4c07-8827-e3c14bdba921.png, downloaded_images\Bloom King Size Bed in Honey Finish With Box Storage\CQ3A0347_copy.png, downloaded_images\Bloom King Size Bed in Honey Finish With Box Storage\CQ3A0350_copy.png, downloaded_images\Bloom King Size Bed in Honey Finish With Box Storage\CQ3A0346_copy.png, downloaded_images\Bloom King Size Bed in Honey Finish With Box Storage\bed_02_bloom_new_9e557e28-6084-4c02-b5bb-05e3afaeca21.jpg"
Bottle King Size Bed in Honey Finish With Box Storage,42999.00,https://solidwooddecor.com/products/bad-wooden-jar-8,"https://cdn.shopify.com/s/files/1/0598/2375/1277/files/moon_bed_13_211fee60-8f46-45db-ab79-66d8969dc282.png?v=1770974588, https://cdn.shopify.com/s/files/1/0598/2375/1277/files/CQ3A0385_copy_1.png?v=1770974588, https://cdn.shopify.com/s/files/1/0598/2375/1277/files/CQ3A0389copy_4ca75bb6-860b-454b-9078-18c15238dd1d.png?v=1770974588, https://cdn.shopify.com/s/files/1/0598/2375/1277/files/CQ3A0375_copy.png?v=1770974588, https://cdn.shopify.com/s/files/1/0598/2375/1277/files/bed_08_wooden.jpg?v=1770974588","downloaded_images\Bottle King Size Bed in Honey Finish With Box Storage\moon_bed_13_211fee60-8f46-45db-ab79-66d8969dc282.png, downloaded_images\Bottle King Size Bed in Honey Finish With Box Storage\CQ3A0385_copy_1.png, downloaded_images\Bottle King Size Bed in Honey Finish With Box Storage\CQ3A0389copy_4ca75bb6-860b-454b-9078-18c15238dd1d.png, downloaded_images\Bottle King Size Bed in Honey Finish With Box Storage\CQ3A0375_copy.png, downloaded_images\Bottle King Size Bed in Honey Finish With Box Storage\bed_08_wooden.jpg"
Carvin King Size Bed in Honey Finish With Box Storage,56999.00,https://solidwooddecor.com/products/bad-carvin-3,"https://cdn.shopify.com/s/files/1/0598/2375/1277/files/moon_bed_15_623a60bc-ebc3-428f-bb9a-0f9c8fc23fae.png?v=1770975206, https://cdn.shopify.com/s/files/1/0598/2375/1277/files/CQ3A0517copy.png?v=1770975206, https://cdn.shopify.com/s/files/1/0598/2375/1277/files/CQ3A0516copy.png?v=1770975206, https://cdn.shopify.com/s/files/1/0598/2375/1277/files/CQ3A0511copy.png?v=1770975206, https://cdn.shopify.com/s/files/1/0598/2375/1277/files/bed_03_carvin.jpg?v=1770975206","downloaded_images\Carvin King Size Bed in Honey Finish With Box Storage\moon_bed_15_623a60bc-ebc3-428f-bb9a-0f9c8fc23fae.png, downloaded_images\Carvin King Size Bed in Honey Finish With Box Storage\CQ3A0517copy.png, downloaded_images\Carvin King Size Bed in Honey Finish With Box Storage\CQ3A0516copy.png, downloaded_images\Carvin King Size Bed in Honey Finish With Box Storage\CQ3A0511copy.png, downloaded_images\Carvin King Size Bed in Honey Finish With Box Storage\bed_03_carvin.jpg"
Carvin Round King Size Bed in Honey Finish with Box Storage,62999.00,https://solidwooddecor.com/products/wooden-moon,"https://cdn.shopify.com/s/files/1/0598/2375/1277/files/WhatsApp_Image_2026-02-13_at_4.58.56_PM.jpg?v=1770983705, https://cdn.shopify.com/s/files/1/0598/2375/1277/files/IMG_0823.jpg?v=1770983705, https://cdn.shopify.com/s/files/1/0598/2375/1277/files/4_5f5c6c5d-84fb-4f69-9da5-dc094776d64a.png?v=1770983705, https://cdn.shopify.com/s/files/1/0598/2375/1277/files/5_09d2dcc4-a248-4612-8fb2-6969bc3cb835.png?v=1770983705, https://cdn.shopify.com/s/files/1/0598/2375/1277/files/WhatsApp_Image_2026-01-24_at_1.17.09_PM.jpg?v=1770983705, https://cdn.shopify.com/s/files/1/0598/2375/1277/files/1_57ed515a-20c0-4675-b125-1335925a9160.png?v=1770983705","downloaded_images\Carvin Round King Size Bed in Honey Finish with Box Storage\WhatsApp_Image_2026-02-13_at_4.58.56_PM.jpg, downloaded_images\Carvin Round King Size Bed in Honey Finish with Box Storage\IMG_0823.jpg, downloaded_images\Carvin Round King Size Bed in Honey Finish with Box Storage\4_5f5c6c5d-84fb-4f69-9da5-dc094776d64a.png, downloaded_images\Carvin Round King Size Bed in Honey Finish with Box Storage\5_09d2dcc4-a248-4612-8fb2-6969bc3cb835.png, downloaded_images\Carvin Round King Size Bed in Honey Finish with Box Storage\WhatsApp_Image_2026-01-24_at_1.17.09_PM.jpg, downloaded_images\Carvin Round King Size Bed in Honey Finish with Box Storage\1_57ed515a-20c0-4675-b125-1335925a9160.png"
Diamond King Size Bed in Honey Finish With Box Storage,43799.00,https://solidwooddecor.com/products/bad-dimond,"https://cdn.shopify.com/s/files/1/0598/2375/1277/files/moon_bed_27_9d4ea719-f26b-4617-a595-73653e813628.png?v=1770975790, https://cdn.shopify.com/s/files/1/0598/2375/1277/files/x.png?v=1770975790, https://cdn.shopify.com/s/files/1/0598/2375/1277/files/CQ3A0477_copy_1.png?v=1770975790, https://cdn.shopify.com/s/files/1/0598/2375/1277/files/CQ3A0471_copy.png?v=1770975790, https://cdn.shopify.com/s/files/1/0598/2375/1277/files/bed_04_diamond.jpg?v=1770975790","downloaded_images\Diamond King Size Bed in Honey Finish With Box Storage\moon_bed_27_9d4ea719-f26b-4617-a595-73653e813628.png, downloaded_images\Diamond King Size Bed in Honey Finish With Box Storage\x.png, downloaded_images\Diamond King Size Bed in Honey Finish With Box Storage\CQ3A0477_copy_1.png, downloaded_images\Diamond King Size Bed in Honey Finish With Box Storage\CQ3A0471_copy.png, downloaded_images\Diamond King Size Bed in Honey Finish With Box Storage\bed_04_diamond.jpg"
Dynamic King Size Bed in Honey Finish With Box Storage,48499.00,https://solidwooddecor.com/products/bad-bloom-2,"https://cdn.shopify.com/s/files/1/0598/2375/1277/files/moon_bed_30_c99461ee-e9eb-426d-9c7f-d3fd311950e2.png?v=1770976348, https://cdn.shopify.com/s/files/1/0598/2375/1277/files/CQ3A0493copy.png?v=1770976348, https://cdn.shopify.com/s/files/1/0598/2375/1277/files/CQ3A0496copy.png?v=1770976348, https://cdn.shopify.com/s/files/1/0598/2375/1277/files/CQ3A0494copy.png?v=1770976348, https://cdn.shopify.com/s/files/1/0598/2375/1277/files/CQ3A0492copy.png?v=1770976348, https://cdn.shopify.com/s/files/1/0598/2375/1277/files/bed_02_bloom_new.jpg?v=1770976348","downloaded_images\Dynamic King Size Bed in Honey Finish With Box Storage\moon_bed_30_c99461ee-e9eb-426d-9c7f-d3fd311950e2.png, downloaded_images\Dynamic King Size Bed in Honey Finish With Box Storage\CQ3A0493copy.png, downloaded_images\Dynamic King Size Bed in Honey Finish With Box Storage\CQ3A0496copy.png, downloaded_images\Dynamic King Size Bed in Honey Finish With Box Storage\CQ3A0494copy.png, downloaded_images\Dynamic King Size Bed in Honey Finish With Box Storage\CQ3A0492copy.png, downloaded_images\Dynamic King Size Bed in Honey Finish With Box Storage\bed_02_bloom_new.jpg"
Geometric King Size Bed in Honey Finish With Box Storage,42699.00,https://solidwooddecor.com/products/bad-geomatic,"https://cdn.shopify.com/s/files/1/0598/2375/1277/files/moon_bed_9_87bb62cb-5672-4eb9-aebf-c5ba90655e25.png?v=1770976128, https://cdn.shopify.com/s/files/1/0598/2375/1277/files/Untitled_design_2_747669fc-c101-41c4-9469-aefabfb3d7fa.png?v=1770976128, https://cdn.shopify.com/s/files/1/0598/2375/1277/files/Untitled_design_3_dcaf28f6-c01e-4e58-96c5-38c2b1aac07c.png?v=1770976128, https://cdn.shopify.com/s/files/1/0598/2375/1277/files/Untitled_design_7.png?v=1770976128, https://cdn.shopify.com/s/files/1/0598/2375/1277/files/Untitled_design_6.png?v=1770976128, https://cdn.shopify.com/s/files/1/0598/2375/1277/files/Untitled_design_5.png?v=1770976128, https://cdn.shopify.com/s/files/1/0598/2375/1277/files/Untitled_design_4.png?v=1770976128, https://cdn.shopify.com/s/files/1/0598/2375/1277/files/bed_06_geomatic.jpg?v=1770976128","downloaded_images\Geometric King Size Bed in Honey Finish With Box Storage\moon_bed_9_87bb62cb-5672-4eb9-aebf-c5ba90655e25.png, downloaded_images\Geometric King Size Bed in Honey Finish With Box Storage\Untitled_design_2_747669fc-c101-41c4-9469-aefabfb3d7fa.png, downloaded_images\Geometric King Size Bed in Honey Finish With Box Storage\Untitled_design_3_dcaf28f6-c01e-4e58-96c5-38c2b1aac07c.png, downloaded_images\Geometric King Size Bed in Honey Finish With Box Storage\Untitled_design_7.png, downloaded_images\Geometric King Size Bed in Honey Finish With Box Storage\Untitled_design_6.png, downloaded_images\Geometric King Size Bed in Honey Finish With Box Storage\Untitled_design_5.png, downloaded_images\Geometric King Size Bed in Honey Finish With Box Storage\Untitled_design_4.png, downloaded_images\Geometric King Size Bed in Honey Finish With Box Storage\bed_06_geomatic.jpg"
LT King Size Bed with Box Storage in Honey Finish,54999.00,https://solidwooddecor.com/products/lt-king-size-bed-with-box-storage-in-honey-finish,"https://cdn.shopify.com/s/files/1/0598/2375/1277/files/swd_5_3.jpg?v=1769517269, https://cdn.shopify.com/s/files/1/0598/2375/1277/files/swd_15_1.jpg?v=1769517270, https://cdn.shopify.com/s/files/1/0598/2375/1277/files/swd_11_1.jpg?v=1769517270, https://cdn.shopify.com/s/files/1/0598/2375/1277/files/82_inch_5_1.png?v=1769517269","downloaded_images\LT King Size Bed with Box Storage in Honey Finish\swd_5_3.jpg, downloaded_images\LT King Size Bed with Box Storage in Honey Finish\swd_15_1.jpg, downloaded_images\LT King Size Bed with Box Storage in Honey Finish\swd_11_1.jpg, downloaded_images\LT King Size Bed with Box Storage in Honey Finish\82_inch_5_1.png"
Moon Cushion King Size Bed in Honey Finish,57999.00,https://solidwooddecor.com/products/round-cushion-bed,"https://cdn.shopify.com/s/files/1/0598/2375/1277/files/moon_bed.png?v=1751542190, https://cdn.shopify.com/s/files/1/0598/2375/1277/files/swd_42.jpg?v=1751542190, https://cdn.shopify.com/s/files/1/0598/2375/1277/files/swd_43.jpg?v=1751542190, https://cdn.shopify.com/s/files/1/0598/2375/1277/files/swd_44.jpg?v=1751542190, https://cdn.shopify.com/s/files/1/0598/2375/1277/files/swd_46.jpg?v=1751542190, https://cdn.shopify.com/s/files/1/0598/2375/1277/files/swd_48.jpg?v=1751542190, https://cdn.shopify.com/s/files/1/0598/2375/1277/files/swd_49.jpg?v=1751542190, https://cdn.shopify.com/s/files/1/0598/2375/1277/files/swd_50.jpg?v=1751542190, https://cdn.shopify.com/s/files/1/0598/2375/1277/files/82_inch_2.png?v=1751542190","downloaded_images\Moon Cushion King Size Bed in Honey Finish\moon_bed.png, downloaded_images\Moon Cushion King Size Bed in Honey Finish\swd_42.jpg, downloaded_images\Moon Cushion King Size Bed in Honey Finish\swd_43.jpg, downloaded_images\Moon Cushion King Size Bed in Honey Finish\swd_44.jpg, downloaded_images\Moon Cushion King Size Bed in Honey Finish\swd_46.jpg, downloaded_images\Moon Cushion King Size Bed in Honey Finish\swd_48.jpg, downloaded_images\Moon Cushion King Size Bed in Honey Finish\swd_49.jpg, downloaded_images\Moon Cushion King Size Bed in Honey Finish\swd_50.jpg, downloaded_images\Moon Cushion King Size Bed in Honey Finish\82_inch_2.png"
Shape Cushion King Size Bed in Honey Finish With Box Storage,47999.00,https://solidwooddecor.com/products/bad-shape-7,"https://cdn.shopify.com/s/files/1/0598/2375/1277/files/Screenshot2024-09-25at1.png?v=1727516121, https://cdn.shopify.com/s/files/1/0598/2375/1277/files/CQ3A0430copy.png?v=1727516178, https://cdn.shopify.com/s/files/1/0598/2375/1277/files/CQ3A0432copy.png?v=1727516132, https://cdn.shopify.com/s/files/1/0598/2375/1277/files/CQ3A0429copy.png?v=1727516178, https://cdn.shopify.com/s/files/1/0598/2375/1277/files/bed_07_shape_new.jpg?v=1730973024","downloaded_images\Shape Cushion King Size Bed in Honey Finish With Box Storage\Screenshot2024-09-25at1.png, downloaded_images\Shape Cushion King Size Bed in Honey Finish With Box Storage\CQ3A0430copy.png, downloaded_images\Shape Cushion King Size Bed in Honey Finish With Box Storage\CQ3A0432copy.png, downloaded_images\Shape Cushion King Size Bed in Honey Finish With Box Storage\CQ3A0429copy.png, downloaded_images\Shape Cushion King Size Bed in Honey Finish With Box Storage\bed_07_shape_new.jpg"
Shape Cushion King Size Bed in Honey Finish without Storage,28499.00,https://solidwooddecor.com/products/shape-cushion-king-size-bed-in-honey-finish-without-storage,"https://cdn.shopify.com/s/files/1/0598/2375/1277/files/WhatsAppImage2026-01-16at6.35.53PM_0fb58b69-babd-4f77-80bb-aba262e97e18.jpg?v=1770978610, https://cdn.shopify.com/s/files/1/0598/2375/1277/files/2_a0fa77c4-07e8-4460-ac62-6bebffb26e93.png?v=1770978610, https://cdn.shopify.com/s/files/1/0598/2375/1277/files/7_99c63922-5012-41d9-9bff-6abfe1137232.png?v=1770978610, https://cdn.shopify.com/s/files/1/0598/2375/1277/files/6_9fddd130-4313-4a5b-bffd-44ab6119ddfd.png?v=1770978610, https://cdn.shopify.com/s/files/1/0598/2375/1277/files/4_e30014ac-b39d-4016-bac2-eb1f2501b430.png?v=1770978610","downloaded_images\Shape Cushion King Size Bed in Honey Finish without Storage\WhatsAppImage2026-01-16at6.35.53PM_0fb58b69-babd-4f77-80bb-aba262e97e18.jpg, downloaded_images\Shape Cushion King Size Bed in Honey Finish without Storage\2_a0fa77c4-07e8-4460-ac62-6bebffb26e93.png, downloaded_images\Shape Cushion King Size Bed in Honey Finish without Storage\7_99c63922-5012-41d9-9bff-6abfe1137232.png, downloaded_images\Shape Cushion King Size Bed in Honey Finish without Storage\6_9fddd130-4313-4a5b-bffd-44ab6119ddfd.png, downloaded_images\Shape Cushion King Size Bed in Honey Finish without Storage\4_e30014ac-b39d-4016-bac2-eb1f2501b430.png"
Shape Single Bed without Storage in Honey Finish,18999.00,https://solidwooddecor.com/products/single-bed,"https://cdn.shopify.com/s/files/1/0598/2375/1277/files/91_9649250787_24.png?v=1752750605, https://cdn.shopify.com/s/files/1/0598/2375/1277/files/4_69370b49-ce67-4612-9ded-43a924f4520e.png?v=1759046344, https://cdn.shopify.com/s/files/1/0598/2375/1277/files/7_1532462b-a517-46e1-a5f4-11c5906f71a3.png?v=1759046344, https://cdn.shopify.com/s/files/1/0598/2375/1277/files/2_fdd0ac40-3684-4274-8c15-69cd0a4486bd.png?v=1752750605, https://cdn.shopify.com/s/files/1/0598/2375/1277/files/WhatsApp_Image_2025-05-08_at_4.04.10_PM.jpg?v=1752750605","downloaded_images\Shape Single Bed without Storage in Honey Finish\91_9649250787_24.png, downloaded_images\Shape Single Bed without Storage in Honey Finish\4_69370b49-ce67-4612-9ded-43a924f4520e.png, downloaded_images\Shape Single Bed without Storage in Honey Finish\7_1532462b-a517-46e1-a5f4-11c5906f71a3.png, downloaded_images\Shape Single Bed without Storage in Honey Finish\2_fdd0ac40-3684-4274-8c15-69cd0a4486bd.png, downloaded_images\Shape Single Bed without Storage in Honey Finish\WhatsApp_Image_2025-05-08_at_4.04.10_PM.jpg"
Supreme Queen Size Bed with Hydraulic Storage in Honey Finish,44599.00,https://solidwooddecor.com/products/supreme-queen-size-bed-with-hydraulic-storage-in-honey-finish,"https://cdn.shopify.com/s/files/1/0598/2375/1277/files/WhatsAppImage2025-05-05at6.12.48PM.jpg?v=1746526763, https://cdn.shopify.com/s/files/1/0598/2375/1277/files/WhatsApp_Image_2025-05-13_at_2.19.56_PM_1.jpg?v=1747135199","downloaded_images\Supreme Queen Size Bed with Hydraulic Storage in Honey Finish\WhatsAppImage2025-05-05at6.12.48PM.jpg, downloaded_images\Supreme Queen Size Bed with Hydraulic Storage in Honey Finish\WhatsApp_Image_2025-05-13_at_2.19.56_PM_1.jpg"
Wooden Shape King Size Bed in Honey Finish Without Storage,29999.00,https://solidwooddecor.com/products/bed-25-08,"https://cdn.shopify.com/s/files/1/0598/2375/1277/files/2048_1.png?v=1756559785, https://cdn.shopify.com/s/files/1/0598/2375/1277/files/3_a654958e-192c-40a1-831e-3981cbcac4f2.png?v=1757344535, https://cdn.shopify.com/s/files/1/0598/2375/1277/files/5_9514da1e-937a-4314-aabc-41386d6d9f13.png?v=1757344535, https://cdn.shopify.com/s/files/1/0598/2375/1277/files/6_c4001f5a-36f0-41d5-8116-3ce6e673b3d5.png?v=1757344535, https://cdn.shopify.com/s/files/1/0598/2375/1277/files/2_8c5292b7-ca6f-4543-b557-95133f0fb453.png?v=1757344535, https://cdn.shopify.com/s/files/1/0598/2375/1277/files/WhatsApp_Image_2025-09-08_at_6.25.26_PM.jpg?v=1757344455","downloaded_images\Wooden Shape King Size Bed in Honey Finish Without Storage\2048_1.png, downloaded_images\Wooden Shape King Size Bed in Honey Finish Without Storage\3_a654958e-192c-40a1-831e-3981cbcac4f2.png, downloaded_images\Wooden Shape King Size Bed in Honey Finish Without Storage\5_9514da1e-937a-4314-aabc-41386d6d9f13.png, downloaded_images\Wooden Shape King Size Bed in Honey Finish Without Storage\6_c4001f5a-36f0-41d5-8116-3ce6e673b3d5.png, downloaded_images\Wooden Shape King Size Bed in Honey Finish Without Storage\2_8c5292b7-ca6f-4543-b557-95133f0fb453.png, downloaded_images\Wooden Shape King Size Bed in Honey Finish Without Storage\WhatsApp_Image_2025-09-08_at_6.25.26_PM.jpg"
Woven King Size Bed in Honey Finish With Box Storage,42499.00,https://solidwooddecor.com/products/bad-wovan-9,"https://cdn.shopify.com/s/files/1/0598/2375/1277/files/WhatsApp_Image_2026-01-18_at_1.53.19_PM.jpg?v=1768817295, https://cdn.shopify.com/s/files/1/0598/2375/1277/files/S129416_2_3.png?v=1768817295, https://cdn.shopify.com/s/files/1/0598/2375/1277/files/S129417_1.png?v=1768817295, https://cdn.shopify.com/s/files/1/0598/2375/1277/files/S129421_1_2.png?v=1768817295, https://cdn.shopify.com/s/files/1/0598/2375/1277/files/bed_09_wovan.jpg?v=1768817295","downloaded_images\Woven King Size Bed in Honey Finish With Box Storage\WhatsApp_Image_2026-01-18_at_1.53.19_PM.jpg, downloaded_images\Woven King Size Bed in Honey Finish With Box Storage\S129416_2_3.png, downloaded_images\Woven King Size Bed in Honey Finish With Box Storage\S129417_1.png, downloaded_images\Woven King Size Bed in Honey Finish With Box Storage\S129421_1_2.png, downloaded_images\Woven King Size Bed in Honey Finish With Box Storage\bed_09_wovan.jpg"
